FIPS State-County Code,Share of black students in majority-nonwhite schools,County share white,County share black,County share Latino
1001,14,71,24,2
1003,6,79,14,5
1005,100,31,62,5
1007,0,75,22,1
1009,0,84,2,13
1011,100,1,92,8
1013,96,38,60,1
1015,41,68,26,3
1017,60,42,55,1
1019,0,83,5,1
1021,0,76,12,9
1023,82,33,65,1
1025,85,40,58,1
1027,0,75,20,4
1029,0,92,5,2
1031,24,68,21,7
1033,5,75,20,2
1035,100,16,84,0
1037,0,53,43,1
1039,0,79,18,1
1041,0,62,34,2
1043,0,92,1,5
1045,52,63,30,4
1047,97,12,87,0
1049,31,63,2,25
1051,0,69,26,2
1053,58,53,41,1
1055,72,74,20,5
1057,0,84,15,0
1059,0,75,4,20
1061,0,80,14,5
1063,100,0,99,0
1065,80,29,70,1
1067,59,59,37,3
1069,66,56,39,3
1071,0,86,5,4
1073,85,42,51,4
1075,0,82,16,2
1077,26,82,14,3
1079,52,72,13,2
1081,46,60,32,3
1083,17,76,13,8
1085,100,1,99,0
1087,100,1,98,0
1089,54,59,29,4
1091,77,37,60,2
1093,0,93,4,2
1095,1,79,2,17
1097,82,45,49,2
1099,84,45,52,0
1101,97,14,78,4
1103,49,70,17,11
1105,100,1,99,0
1107,79,39,59,1
1109,82,41,54,2
1111,0,71,26,3
1113,77,38,55,4
1115,0,86,10,2
1117,0,73,15,8
1119,100,1,99,0
1121,53,57,40,2
1123,11,61,35,2
1125,70,51,44,3
1127,14,88,9,2
1129,37,60,29,1
1131,100,0,100,0
1133,0,95,1,2
2013,.,12,0,3
2016,100,24,1,12
2020,73,46,6,11
2050,100,4,0,0
2060,.,31,0,3
2068,.,90,0,2
2070,.,6,0,0
2090,25,62,6,8
2100,.,78,0,2
2105,100,29,1,1
2110,29,54,1,5
2122,0,76,1,4
2130,79,51,1,3
2150,100,39,0,9
2164,100,10,2,0
2170,0,74,2,3
2180,100,5,0,0
2185,100,4,0,1
2188,100,3,0,0
2195,0,51,1,4
2198,0,35,0,2
2220,40,42,1,3
2230,.,85,0,1
2240,13,73,2,4
2261,0,60,0,3
2270,100,1,0,0
2275,0,57,1,3
2282,.,17,0,4
2290,100,12,0,1
4001,52,15,0,5
4003,42,39,5,51
4005,57,42,1,18
4007,33,47,0,24
4009,71,54,1,36
4011,73,37,1,59
4012,56,24,1,48
4013,69,44,7,42
4015,17,69,1,24
4017,70,39,1,12
4019,68,36,4,52
4021,57,45,6,40
4023,90,4,0,95
4025,2,69,1,24
4027,97,16,2,80
5001,43,62,32,3
5003,6,61,30,8
5005,0,93,0,3
5007,8,66,2,24
5009,0,95,0,2
5011,87,49,29,22
5013,0,68,28,4
5015,0,71,0,27
5017,100,11,79,9
5019,0,57,31,9
5021,0,97,0,2
5023,0,95,0,3
5025,0,80,16,2
5027,95,49,47,3
5029,0,76,14,5
5031,49,70,21,6
5033,5,81,2,10
5035,80,31,66,2
5037,0,70,27,1
5039,89,47,49,4
5041,64,37,56,5
5043,0,65,30,4
5045,14,78,15,5
5047,0,93,1,3
5049,0,94,1,2
5051,74,73,13,9
5053,0,94,2,3
5055,0,94,1,4
5057,90,41,36,21
5059,0,80,13,4
5061,63,57,23,17
5063,0,85,3,9
5065,0,96,1,2
5067,0,69,26,4
5069,95,27,70,1
5071,0,76,2,19
5073,73,44,53,2
5075,0,97,0,1
5077,100,6,91,2
5079,0,69,22,7
5081,0,66,27,3
5083,0,91,1,3
5085,0,86,7,4
5087,0,90,0,7
5089,0,96,0,2
5091,83,61,33,3
5093,83,49,45,5
5095,100,38,55,3
5097,0,88,1,8
5099,0,57,37,5
5101,0,96,0,0
5103,82,43,52,2
5105,0,93,3,2
5107,91,18,80,1
5109,0,84,2,10
5111,0,84,11,4
5113,0,86,1,9
5115,14,81,4,11
5117,0,79,20,1
5119,87,33,56,8
5121,0,94,1,2
5123,96,25,73,1
5125,0,84,7,6
5127,0,82,1,10
5129,0,96,0,2
5131,63,58,8,21
5133,89,44,4,50
5135,0,96,1,2
5137,0,96,1,2
5139,78,53,41,4
5141,0,94,1,3
5143,31,59,4,27
5145,0,86,5,6
5147,82,61,34,1
5149,25,65,1,29
6001,96,22,13,32
6003,.,52,0,11
6005,0,72,0,17
6007,31,60,3,22
6009,0,78,1,14
6011,100,23,1,72
6013,90,37,10,32
6015,4,58,1,18
6017,7,71,1,18
6019,94,20,6,61
6021,100,39,1,54
6023,10,63,1,14
6025,100,7,1,90
6027,64,43,0,34
6029,88,26,6,62
6031,88,25,5,64
6033,28,58,2,29
6035,0,75,1,13
6037,96,14,8,65
6039,90,24,2,70
6041,47,60,3,25
6043,0,72,1,13
6045,40,49,1,38
6047,99,19,3,68
6049,0,70,1,19
6051,57,15,0,49
6053,92,16,2,75
6055,95,32,2,53
6057,5,80,1,13
6059,73,30,2,48
6061,3,68,2,17
6063,0,77,2,15
6065,95,25,7,60
6067,89,35,13,28
6069,100,21,1,67
6071,97,21,9,62
6073,88,32,6,46
6075,99,12,10,24
6077,99,23,9,48
6079,31,57,1,35
6081,89,30,3,38
6083,85,26,1,65
6085,92,23,2,38
6087,46,40,1,52
6089,3,73,2,13
6091,0,79,1,14
6093,5,65,1,19
6095,92,29,16,33
6097,39,48,2,41
6099,92,32,3,55
6101,72,41,2,36
6103,21,58,1,36
6105,0,73,1,9
6107,99,20,2,72
6109,13,64,1,13
6111,63,37,3,50
6113,76,38,3,45
6115,50,46,4,33
8001,72,42,3,49
8003,80,37,0,59
8005,69,48,12,29
8007,0,71,1,25
8009,0,77,1,18
8011,36,59,1,39
8013,16,66,1,24
8014,1,73,1,17
8015,0,83,0,13
8017,.,81,0,19
8019,0,82,1,11
8021,100,43,0,55
8023,100,14,0,83
8025,0,66,0,24
8027,0,90,1,4
8029,0,73,0,24
8031,92,21,14,58
8033,0,85,0,6
8035,47,77,2,13
8037,86,47,0,50
8039,0,86,1,10
8041,43,61,7,22
8043,0,83,1,12
8045,15,52,0,44
8047,0,82,1,11
8049,0,84,1,13
8051,0,81,0,16
8053,.,89,0,8
8055,100,39,1,56
8057,.,74,0,23
8059,25,68,1,23
8061,0,84,2,12
8063,38,66,1,31
8065,100,30,0,66
8067,14,72,1,17
8069,3,75,1,18
8071,44,43,1,52
8073,0,85,3,9
8075,0,74,1,21
8077,0,73,1,21
8079,.,80,0,17
8081,0,75,0,21
8083,5,62,1,16
8085,13,60,0,36
8087,95,43,2,52
8089,68,44,1,53
8091,0,86,0,9
8093,0,85,1,10
8095,0,69,0,29
8097,13,71,1,25
8099,77,45,1,52
8101,82,40,2,55
8103,0,84,0,14
8105,67,40,0,57
8107,0,87,0,9
8109,25,33,0,64
8111,.,75,0,25
8113,0,82,0,15
8115,0,75,1,22
8117,38,65,1,30
8119,0,87,1,8
8121,0,87,0,11
8123,65,55,1,41
8125,0,62,0,36
9001,88,59,13,21
9003,82,54,16,22
9005,0,87,2,7
9007,18,81,7,7
9009,89,54,17,23
9011,58,69,8,13
9013,9,86,4,5
9015,38,77,3,16
10001,45,55,33,7
10003,78,44,35,15
10005,34,57,21,16
11001,99,8,76,14
12001,73,48,34,8
12003,0,83,12,2
12005,26,74,14,5
12007,0,70,24,3
12009,45,64,14,13
12011,97,26,38,29
12013,0,76,12,6
12015,0,74,9,12
12017,0,83,4,7
12019,36,70,13,10
12021,81,40,12,44
12023,14,68,22,5
12027,70,45,12,40
12029,0,85,7,4
12031,88,39,44,8
12033,70,50,34,5
12035,3,64,16,12
12037,0,81,11,4
12039,100,4,76,19
12041,0,89,4,4
12043,100,39,10,33
12045,0,80,14,3
12047,100,44,37,15
12049,100,33,6,58
12051,100,25,15,59
12053,0,72,7,15
12055,70,48,17,30
12057,89,39,21,33
12059,0,91,3,3
12061,22,60,16,20
12063,13,62,30,3
12065,100,24,67,7
12067,0,71,8,18
12069,41,58,15,20
12071,71,48,15,33
12073,73,46,42,5
12075,0,73,14,9
12077,0,81,9,7
12079,97,38,55,4
12081,61,53,14,29
12083,49,56,19,18
12085,30,64,7,24
12086,100,8,24,66
12087,63,53,10,33
12089,0,83,7,5
12091,8,71,12,8
12093,25,53,7,36
12095,92,32,27,34
12097,93,28,12,55
12099,86,36,28,29
12101,11,68,6,20
12103,59,60,18,13
12105,63,47,21,27
12107,38,56,25,15
12109,0,81,7,6
12111,87,40,29,26
12113,0,80,5,5
12115,43,66,9,18
12117,45,56,14,22
12119,33,69,13,13
12121,0,67,14,15
12123,0,70,24,2
12125,0,78,14,4
12127,38,62,15,18
12129,0,82,10,2
12131,0,79,7,8
12133,0,76,16,3
13001,29,63,22,12
13003,100,46,17,35
13005,0,68,19,9
13007,100,17,74,6
13009,100,28,65,2
13011,11,80,2,14
13013,0,64,13,13
13015,11,74,12,11
13017,100,45,42,10
13019,0,76,12,9
13021,97,21,73,3
13023,3,69,26,2
13025,0,94,3,2
13027,92,38,49,9
13029,0,72,17,6
13031,59,55,35,5
13033,100,30,67,1
13035,0,63,31,3
13037,100,1,96,3
13039,0,63,24,6
13043,40,50,29,17
13045,29,64,21,9
13047,0,90,3,3
13049,0,64,30,1
13051,94,28,58,6
13053,50,53,35,6
13055,0,82,6,7
13057,6,75,7,14
13059,100,19,53,22
13061,100,1,98,0
13063,100,3,71,18
13065,0,58,35,2
13067,81,42,32,18
13069,36,50,30,16
13071,62,47,27,23
13073,27,66,18,7
13075,0,54,34,8
13077,20,66,21,7
13079,0,71,23,1
13081,100,36,57,3
13083,0,96,1,1
13085,0,92,0,5
13087,100,39,51,8
13089,97,13,68,12
13091,0,58,35,4
13093,100,11,72,14
13095,99,9,88,2
13097,89,34,48,12
13099,100,31,65,2
13101,0,57,2,38
13103,0,75,15,4
13105,17,53,35,8
13107,78,49,43,6
13109,100,42,37,19
13111,0,94,0,3
13113,70,56,24,9
13115,68,63,16,15
13117,6,75,3,12
13119,0,80,11,6
13121,94,26,54,11
13123,0,81,0,17
13125,0,91,7,0
13127,54,50,35,9
13129,0,72,3,20
13131,93,43,41,13
13133,98,26,62,9
13135,89,31,29,25
13137,21,71,2,22
13139,78,48,8,41
13141,100,1,98,0
13143,0,91,4,1
13145,0,75,17,4
13147,0,67,24,6
13149,0,84,9,2
13151,85,39,46,8
13153,62,50,36,7
13155,0,63,32,3
13157,0,78,6,10
13159,0,66,25,5
13161,0,65,16,17
13163,100,26,68,3
13165,100,38,56,4
13167,0,52,44,3
13169,0,69,27,1
13171,0,61,34,2
13173,0,66,26,4
13175,47,54,41,2
13177,0,73,19,2
13179,100,30,51,10
13181,0,60,37,0
13183,0,53,26,10
13185,71,46,44,6
13187,0,90,1,6
13189,96,44,50,3
13191,24,53,42,2
13193,100,10,81,6
13195,0,80,9,7
13197,46,50,37,8
13199,100,38,58,1
13201,0,61,35,2
13205,94,40,51,7
13207,3,67,28,3
13209,0,54,32,11
13211,0,64,28,4
13213,0,77,0,20
13215,89,29,58,6
13217,81,38,52,6
13219,0,83,4,6
13221,0,71,18,6
13223,12,67,20,7
13225,88,34,49,13
13227,0,92,1,4
13229,0,83,9,6
13231,0,88,9,1
13233,24,64,14,17
13235,0,51,39,6
13237,100,46,42,9
13239,100,23,75,0
13241,0,83,0,15
13243,100,6,91,1
13245,97,20,73,3
13247,100,22,60,12
13249,0,77,17,3
13251,100,45,52,1
13253,56,51,44,3
13255,70,47,44,5
13257,0,78,12,3
13259,100,7,92,1
13261,100,16,75,7
13263,100,9,91,0
13265,100,10,84,2
13267,32,54,25,19
13269,0,55,42,1
13271,0,54,43,1
13273,100,5,92,1
13275,50,50,44,3
13277,100,45,34,18
13279,85,52,32,13
13281,.,98,0,0
13283,0,56,40,1
13285,60,51,40,4
13287,100,38,55,6
13289,100,31,66,0
13291,0,94,0,3
13293,0,59,34,3
13295,0,89,5,2
13297,21,69,22,5
13299,39,54,36,5
13301,100,6,92,1
13303,100,31,64,1
13305,0,68,22,6
13307,100,44,48,5
13309,0,59,34,6
13311,0,91,1,3
13313,73,44,3,49
13315,0,54,41,3
13317,100,38,51,5
13319,100,37,57,3
13321,0,58,36,2
15001,92,17,1,7
15003,96,13,3,6
15007,96,18,1,5
15009,89,17,1,7
16001,0,83,2,9
16003,.,93,0,5
16005,0,83,1,8
16007,0,95,0,3
16009,67,75,0,5
16011,2,71,0,22
16013,0,62,0,35
16015,0,92,0,5
16017,0,90,0,4
16019,0,80,1,16
16021,0,88,1,6
16023,0,93,0,5
16025,.,89,0,9
16027,12,63,1,33
16029,0,91,0,7
16031,0,66,0,32
16033,.,48,0,51
16035,0,86,2,6
16037,0,91,0,7
16039,0,69,2,23
16041,0,90,0,7
16043,0,79,0,19
16045,0,84,0,12
16047,0,65,0,33
16049,0,91,1,5
16051,0,84,0,13
16053,31,55,0,44
16055,0,91,1,5
16057,0,90,1,4
16059,0,94,1,3
16061,0,81,0,5
16063,8,63,1,33
16065,0,91,1,7
16067,0,54,0,45
16069,6,80,0,4
16071,0,92,1,4
16073,0,62,0,36
16075,0,72,0,25
16077,60,50,0,38
16079,0,92,0,3
16081,0,74,0,25
16083,0,76,1,20
16085,0,92,0,6
16087,0,72,0,27
17001,0,88,7,1
17003,79,43,51,1
17005,0,91,3,1
17007,16,62,2,32
17009,.,97,0,0
17011,8,81,1,14
17013,.,96,0,1
17015,0,91,2,4
17017,56,62,4,32
17019,87,58,24,7
17021,0,95,1,1
17023,0,96,1,1
17025,0,96,1,2
17027,0,91,2,4
17029,0,90,3,2
17031,96,25,31,37
17033,0,95,1,1
17035,0,98,0,0
17037,13,75,6,13
17039,0,93,1,3
17041,0,85,0,11
17043,34,58,7,21
17045,0,96,0,1
17047,0,95,1,2
17049,0,95,1,2
17051,0,97,0,1
17053,0,95,1,3
17055,0,96,1,1
17057,0,96,1,1
17059,0,97,1,2
17061,0,98,0,0
17063,0,81,3,12
17065,0,96,1,1
17067,0,96,0,1
17069,0,94,2,1
17071,0,95,0,2
17073,0,87,3,8
17075,0,84,2,10
17077,44,68,19,5
17079,0,98,0,1
17081,0,82,11,2
17083,0,98,1,1
17085,0,93,1,4
17087,0,96,0,1
17089,79,47,6,40
17091,77,59,21,14
17093,11,64,7,21
17095,4,78,8,7
17097,77,53,7,29
17099,0,80,2,14
17101,0,96,1,1
17103,0,87,2,5
17105,0,90,1,5
17107,0,93,2,1
17109,0,86,5,3
17111,5,76,1,17
17113,21,71,12,7
17115,89,64,25,2
17117,0,96,1,1
17119,25,78,12,5
17121,0,88,5,1
17123,0,93,1,3
17125,0,97,0,1
17127,0,85,7,2
17129,0,96,1,1
17131,0,94,1,3
17133,0,96,0,2
17135,0,95,2,2
17137,0,86,6,2
17139,0,96,0,0
17141,13,80,1,14
17143,92,56,30,5
17145,0,90,3,2
17147,0,96,0,1
17149,0,97,0,1
17151,0,95,1,0
17153,83,48,43,0
17155,0,88,1,7
17157,0,89,6,1
17159,0,96,0,2
17161,67,60,15,19
17163,71,51,40,4
17165,0,88,4,2
17167,59,71,20,2
17169,0,96,1,1
17171,.,98,0,0
17173,0,98,1,0
17175,0,94,0,1
17177,42,71,15,6
17179,0,92,1,2
17181,0,89,1,8
17183,90,70,19,6
17185,0,96,0,1
17187,0,78,2,15
17189,0,96,1,2
17191,0,96,1,1
17193,0,96,0,1
17195,4,77,2,17
17197,78,57,13,21
17199,0,88,5,2
17201,90,54,19,19
17203,0,94,1,2
18001,0,88,1,8
18003,62,61,18,10
18005,0,80,2,9
18007,0,91,1,7
18009,0,96,0,1
18011,0,91,1,3
18013,0,94,0,1
18015,0,91,0,6
18017,14,72,1,22
18019,15,78,9,7
18021,0,96,0,2
18023,0,76,1,21
18025,0,96,0,2
18027,0,88,1,8
18029,0,96,0,1
18031,0,96,0,2
18033,0,93,1,3
18035,11,82,9,2
18037,0,89,0,9
18039,43,63,7,23
18041,0,95,1,1
18043,0,82,7,3
18045,0,93,0,3
18047,.,97,0,1
18049,0,89,0,6
18051,0,93,2,1
18053,18,78,9,4
18055,0,96,0,2
18057,0,82,4,4
18059,0,93,2,2
18061,0,95,1,2
18063,0,83,6,4
18065,0,94,1,2
18067,0,79,9,3
18069,0,94,0,2
18071,0,87,1,7
18073,0,89,1,7
18075,0,94,0,3
18077,0,92,2,3
18079,0,94,0,3
18081,0,89,1,4
18083,0,94,1,2
18085,0,82,1,14
18087,0,89,1,7
18089,94,41,32,22
18091,50,72,13,9
18093,0,95,0,2
18095,5,79,10,5
18097,91,41,37,14
18099,0,81,1,15
18101,0,97,0,1
18103,0,91,1,2
18105,0,81,4,4
18107,0,90,1,6
18109,0,95,1,2
18111,0,89,1,7
18113,6,79,0,18
18115,0,96,0,1
18117,0,95,1,1
18119,0,96,0,1
18121,.,95,0,2
18123,0,96,1,2
18125,0,97,0,1
18127,0,79,5,10
18129,0,92,2,2
18131,0,92,0,4
18133,0,94,1,2
18135,0,92,0,4
18137,0,97,0,1
18139,0,93,1,1
18141,75,59,20,11
18143,0,95,1,2
18145,0,90,1,5
18147,0,92,0,5
18149,0,93,0,5
18151,0,89,0,6
18153,0,96,0,2
18155,0,97,0,1
18157,11,71,7,14
18159,0,94,0,4
18161,0,97,0,0
18163,44,72,14,3
18165,0,95,0,2
18167,0,83,6,3
18169,0,94,0,2
18171,0,97,0,1
18173,0,91,1,2
18175,0,97,0,1
18177,8,83,5,3
18179,0,94,1,3
18181,0,85,0,10
18183,0,93,1,3
19001,0,96,0,1
19003,.,95,0,2
19005,43,85,1,13
19007,0,95,1,2
19009,0,96,0,1
19011,0,95,1,2
19013,48,69,17,7
19015,61,90,3,4
19017,0,96,1,1
19019,0,95,0,2
19021,92,50,3,36
19023,0,96,1,1
19025,0,94,1,3
19027,0,94,1,4
19029,0,94,1,3
19031,0,94,1,2
19033,0,87,3,6
19035,0,90,1,6
19037,0,96,0,3
19039,0,80,0,17
19041,0,90,1,7
19043,0,97,0,1
19045,0,86,4,5
19047,67,55,2,42
19049,9,85,2,8
19051,0,95,0,2
19053,0,93,1,3
19055,0,97,1,1
19057,0,79,10,5
19059,0,93,1,3
19061,12,87,5,3
19063,0,81,1,15
19065,0,93,0,2
19067,0,89,5,4
19069,8,75,1,23
19071,0,94,1,3
19073,0,91,0,5
19075,0,94,1,3
19077,0,94,1,4
19079,0,86,0,8
19081,0,88,1,8
19083,0,90,1,6
19085,0,95,0,3
19087,0,85,3,6
19089,0,94,0,2
19091,0,89,1,8
19093,0,93,1,5
19095,0,93,1,5
19097,0,93,1,2
19099,0,94,1,3
19101,0,91,1,4
19103,29,72,12,8
19105,0,95,1,2
19107,0,97,1,1
19109,0,94,0,3
19111,0,87,3,5
19113,7,82,8,4
19115,18,68,1,29
19117,0,98,0,1
19119,0,95,0,3
19121,0,95,1,2
19123,0,92,1,2
19125,0,94,1,2
19127,51,59,2,32
19129,0,94,1,3
19131,0,97,0,1
19133,0,93,2,3
19135,0,93,1,4
19137,0,92,0,6
19139,11,67,3,27
19141,0,89,1,8
19143,0,87,1,10
19145,82,87,5,4
19147,0,95,0,3
19149,0,90,1,6
19151,0,92,2,4
19153,59,68,9,13
19155,0,85,2,10
19157,0,91,1,4
19159,0,97,1,1
19161,0,93,1,4
19163,29,70,12,10
19165,0,95,1,2
19167,0,77,1,20
19169,0,84,4,5
19171,0,76,1,16
19173,0,85,0,14
19175,0,92,1,4
19177,0,96,1,2
19179,19,77,2,17
19181,0,92,1,3
19183,0,86,2,10
19185,0,96,1,2
19187,0,83,6,6
19189,0,91,1,5
19191,0,95,0,3
19193,42,65,4,23
19195,0,94,2,2
19197,0,80,1,17
20001,0,90,2,4
20003,0,94,1,3
20005,0,81,9,4
20007,0,93,1,4
20009,11,71,1,24
20011,0,89,4,3
20013,0,76,2,5
20015,0,87,1,6
20017,.,93,0,3
20019,0,82,3,6
20021,0,83,1,3
20023,.,86,0,12
20025,0,79,1,15
20027,0,92,1,3
20029,0,92,1,5
20031,0,93,0,3
20033,0,92,1,6
20035,1,70,3,16
20037,0,83,2,8
20039,0,90,1,5
20041,0,92,1,3
20043,0,91,3,3
20045,2,75,6,7
20047,0,63,1,32
20049,0,89,1,5
20051,5,86,1,8
20053,0,89,1,6
20055,89,28,1,65
20057,95,24,2,71
20059,0,90,2,5
20061,62,49,19,18
20063,0,92,2,4
20065,0,89,4,3
20067,100,32,0,65
20069,0,73,1,25
20071,0,71,0,24
20073,0,89,1,5
20075,50,51,0,47
20077,0,84,0,11
20079,9,74,2,20
20081,0,57,0,42
20083,0,85,2,9
20085,0,79,2,4
20087,0,93,1,3
20089,0,94,1,5
20091,9,74,6,11
20093,0,56,1,40
20095,0,94,0,3
20097,0,82,1,12
20099,0,75,6,6
20101,.,83,0,13
20103,11,76,8,8
20105,0,90,1,5
20107,0,94,1,2
20109,0,93,1,4
20111,82,53,2,39
20113,0,89,1,6
20115,0,91,1,5
20117,0,94,1,3
20119,11,71,1,26
20121,0,91,1,4
20123,0,95,0,2
20125,32,69,7,8
20127,0,91,1,6
20129,0,75,3,17
20131,0,94,1,2
20133,0,88,1,6
20135,0,78,0,20
20137,0,95,1,2
20139,0,92,1,4
20141,0,94,1,3
20143,0,94,2,3
20145,39,76,3,15
20147,0,89,2,4
20149,0,90,1,6
20151,0,83,0,13
20153,0,92,2,5
20155,3,79,3,13
20157,0,95,1,2
20159,0,77,2,18
20161,0,69,8,12
20163,0,96,1,2
20165,0,94,1,4
20167,0,91,2,4
20169,0,74,6,12
20171,0,69,1,26
20173,82,54,12,22
20175,100,21,2,72
20177,70,61,12,17
20179,0,90,0,7
20181,0,77,2,20
20183,0,94,0,2
20185,0,72,1,26
20187,0,49,0,44
20189,0,52,1,46
20191,0,87,1,7
20193,0,90,1,6
20195,0,94,2,2
20197,0,90,0,5
20199,0,92,0,7
20201,0,93,1,5
20203,0,60,0,39
20205,0,91,0,4
20207,0,90,0,2
20209,91,27,29,37
21001,0,92,2,4
21003,0,95,1,2
21005,0,92,2,2
21007,0,92,3,1
21009,0,88,5,4
21011,0,96,1,2
21013,0,96,2,0
21015,0,87,3,5
21017,0,78,8,11
21019,0,94,2,1
21021,0,82,8,4
21023,0,97,1,2
21025,0,98,1,0
21027,0,94,2,2
21029,0,95,1,2
21031,0,95,0,3
21033,0,90,6,1
21035,0,88,4,3
21037,0,90,4,2
21039,0,95,1,3
21041,0,85,2,9
21043,0,98,1,1
21045,0,94,0,4
21047,24,58,33,5
21049,0,87,6,4
21051,0,98,1,1
21053,0,95,0,4
21055,0,97,1,1
21057,0,93,2,1
21059,6,83,7,4
21061,0,96,0,1
21063,0,99,0,0
21065,0,99,1,0
21067,51,57,23,12
21069,0,95,2,2
21071,0,99,0,0
21073,0,78,10,5
21075,52,57,34,3
21077,0,88,1,8
21079,0,90,3,5
21081,0,94,1,3
21083,41,80,5,10
21085,0,97,1,1
21087,0,93,2,2
21089,0,96,1,1
21091,0,95,1,2
21093,20,72,16,5
21095,0,96,3,1
21097,0,93,2,3
21099,0,92,4,2
21101,0,83,9,3
21103,47,88,5,5
21105,0,85,10,1
21107,0,83,10,3
21109,0,99,0,0
21111,55,51,37,7
21113,0,89,5,3
21115,0,97,1,1
21117,25,83,8,4
21119,0,98,1,1
21121,0,97,1,1
21123,0,89,3,5
21125,0,96,1,1
21127,0,99,1,0
21129,0,98,1,0
21131,0,99,1,0
21133,0,99,1,1
21135,0,98,0,0
21137,0,92,2,3
21139,0,94,0,3
21141,0,86,8,3
21143,0,91,4,1
21145,80,74,18,3
21147,0,99,0,1
21149,0,96,1,3
21151,0,88,5,3
21153,.,98,0,1
21155,0,89,7,3
21157,0,98,0,1
21159,0,99,0,0
21161,0,85,8,2
21163,0,93,2,2
21165,0,97,0,1
21167,0,87,3,4
21169,0,97,1,2
21171,0,92,3,4
21173,0,92,2,4
21175,0,99,0,0
21177,0,93,4,1
21179,0,86,7,3
21181,0,95,0,3
21183,0,93,1,5
21185,0,89,3,5
21187,0,95,1,4
21189,0,99,1,0
21191,0,97,1,1
21193,0,95,3,1
21195,0,98,1,0
21197,0,98,1,1
21199,0,93,2,3
21201,.,97,0,2
21203,0,98,0,1
21205,0,94,1,2
21207,0,93,1,4
21209,0,84,7,6
21211,4,72,9,15
21213,0,82,11,3
21215,0,92,2,3
21217,0,89,4,3
21219,0,82,9,6
21221,0,83,10,2
21223,0,96,0,2
21225,0,85,11,1
21227,13,74,11,8
21229,0,83,11,6
21231,0,93,2,4
21233,0,85,3,9
21235,0,98,1,1
21237,0,99,0,1
21239,0,79,5,12
22001,48,68,27,2
22003,0,73,22,1
22005,51,62,30,5
22007,64,54,43,2
22009,61,50,46,1
22011,0,77,15,3
22013,91,45,53,1
22015,51,61,27,7
22017,82,29,67,3
22019,61,61,34,2
22021,0,78,19,2
22023,0,90,2,5
22025,75,57,41,1
22027,90,29,69,2
22029,73,49,49,1
22031,67,51,45,2
22033,90,21,71,4
22035,100,0,99,0
22037,92,26,73,0
22039,55,59,38,1
22041,55,48,51,1
22043,42,85,12,1
22045,69,46,47,3
22047,95,30,68,1
22049,87,62,36,1
22051,98,29,46,18
22053,6,72,22,1
22055,61,50,43,4
22057,58,66,21,5
22059,0,88,10,1
22061,74,48,47,3
22063,0,89,7,3
22065,100,5,93,1
22067,91,31,67,1
22069,93,39,57,1
22071,100,1,93,2
22073,85,51,47,1
22075,55,59,30,4
22077,83,37,59,2
22079,58,57,37,3
22081,100,30,66,1
22083,82,47,51,1
22085,63,50,22,3
22087,35,58,26,10
22089,37,56,34,6
22091,100,5,95,0
22093,93,33,65,1
22095,100,13,81,4
22097,67,40,58,1
22099,61,50,45,2
22101,66,46,43,6
22103,32,75,19,4
22105,62,55,39,3
22107,100,7,91,1
22109,55,56,28,4
22111,99,47,44,9
22113,63,72,20,3
22115,53,70,18,7
22117,55,56,41,2
22119,60,57,40,2
22121,51,45,52,2
22123,0,78,18,2
22125,0,58,40,1
22127,0,62,36,2
23001,14,85,11,2
23003,0,93,1,1
23005,27,87,6,2
23007,0,96,1,1
23009,0,94,1,2
23011,0,95,1,2
23013,0,96,1,1
23015,0,96,1,1
23017,0,96,1,1
23019,0,94,1,1
23021,0,95,1,2
23023,0,94,1,2
23025,0,96,1,1
23027,0,95,1,1
23029,0,92,1,2
23031,0,94,1,1
24001,0,90,4,1
24003,60,61,20,9
24005,77,45,38,6
24009,0,75,14,4
24011,0,69,16,9
24013,0,88,4,4
24015,0,81,8,5
24017,90,34,52,5
24019,84,53,37,4
24021,48,67,11,11
24023,0,97,0,1
24025,73,68,18,5
24027,74,47,21,8
24029,17,65,22,8
24031,90,34,21,26
24033,100,5,67,23
24035,0,85,7,3
24037,49,71,18,5
24039,75,45,42,6
24041,0,67,17,10
24043,12,74,12,6
24045,82,49,35,7
24047,50,68,20,6
24510,99,8,85,5
25001,6,85,4,4
25003,11,84,5,5
25005,32,77,5,11
25007,0,79,3,9
25009,53,66,3,25
25011,0,88,2,6
25013,88,52,10,33
25015,7,82,3,8
25017,52,69,7,11
25019,0,67,14,15
25021,29,76,7,5
25023,85,80,12,4
25025,99,17,30,44
25027,66,73,5,15
26001,0,97,0,1
26003,0,80,1,2
26005,5,87,2,8
26007,0,96,0,0
26009,0,91,1,3
26011,0,96,1,1
26013,0,68,0,0
26015,0,93,1,4
26017,0,88,3,6
26019,0,90,1,3
26021,77,66,22,7
26023,0,90,1,7
26025,72,70,15,7
26027,0,80,9,5
26029,0,90,1,2
26031,0,88,0,1
26033,24,59,1,1
26035,0,94,1,2
26037,0,89,1,6
26039,0,93,1,3
26041,0,91,0,1
26043,0,94,0,1
26045,55,82,6,6
26047,0,87,1,2
26049,82,67,25,3
26051,0,95,1,2
26053,5,91,1,1
26055,0,91,1,3
26057,0,90,1,7
26059,0,95,1,2
26061,0,96,1,0
26063,0,95,1,3
26065,76,60,20,10
26067,0,92,1,6
26069,0,94,1,2
26071,0,96,0,1
26073,0,83,3,3
26075,46,81,11,4
26077,74,67,19,6
26079,0,95,0,2
26081,81,64,13,15
26083,.,100,0,0
26085,0,63,31,3
26087,0,91,1,6
26089,0,81,1,9
26091,5,82,2,13
26093,0,95,1,2
26095,0,85,1,1
26097,58,53,1,2
26099,49,75,16,2
26101,0,89,1,4
26103,0,90,1,1
26105,0,86,1,8
26107,0,89,4,3
26109,0,91,0,2
26111,0,91,2,3
26113,0,95,1,2
26115,0,89,5,4
26117,0,93,1,4
26119,0,97,0,2
26121,78,72,18,6
26123,0,89,1,8
26125,62,67,20,4
26127,0,61,0,36
26129,0,95,0,2
26131,0,94,0,2
26133,0,95,1,2
26135,0,97,1,1
26137,0,96,1,1
26139,35,76,2,16
26141,0,96,1,1
26143,0,95,1,1
26145,88,59,28,10
26147,10,89,4,3
26149,4,81,3,13
26151,0,94,1,4
26153,.,79,0,1
26155,0,94,0,2
26157,0,93,1,4
26159,34,76,4,16
26161,61,65,19,5
26163,86,45,44,6
26165,0,94,1,2
27001,0,91,1,1
27003,29,77,9,6
27005,0,82,1,1
27007,4,63,1,2
27009,0,91,3,2
27011,0,95,0,2
27013,0,84,7,4
27015,0,89,0,9
27017,0,87,0,1
27019,0,87,2,6
27021,6,66,1,1
27023,0,87,1,10
27025,0,95,1,2
27027,0,85,2,7
27029,0,74,1,1
27031,0,78,0,2
27033,0,76,1,12
27035,0,95,1,1
27037,16,75,8,9
27039,0,90,1,8
27041,0,95,1,2
27043,0,86,1,11
27045,0,97,0,1
27047,0,79,1,16
27049,0,89,2,4
27051,0,96,1,2
27053,69,55,21,10
27055,0,92,3,2
27057,0,89,1,3
27059,0,92,1,2
27061,0,84,1,1
27063,0,89,1,6
27065,0,94,1,2
27067,0,70,6,22
27069,0,93,1,4
27071,0,89,2,1
27073,0,90,1,4
27075,0,95,1,1
27077,0,91,1,1
27079,0,85,1,12
27081,.,97,0,1
27083,0,81,4,9
27085,0,89,1,9
27087,100,30,0,2
27089,0,92,0,7
27091,0,92,1,5
27093,0,94,0,4
27095,0,91,1,1
27097,0,95,1,2
27099,26,72,4,19
27101,0,93,1,3
27103,0,85,5,7
27105,95,52,4,34
27107,0,86,1,8
27109,19,73,9,7
27111,0,90,2,5
27113,0,87,2,5
27115,0,88,2,2
27117,0,89,1,6
27119,0,86,1,10
27121,0,96,2,1
27123,74,43,19,11
27125,0,88,1,6
27127,0,80,1,3
27129,0,82,1,15
27131,0,77,5,15
27133,0,92,1,4
27135,0,91,1,1
27137,13,87,3,2
27139,14,79,4,7
27141,55,89,3,3
27143,0,79,1,18
27145,9,85,6,5
27147,0,83,5,10
27149,0,91,1,4
27151,0,91,0,6
27153,0,85,1,12
27155,25,85,1,4
27157,0,93,1,4
27159,0,94,1,2
27161,0,89,2,8
27163,3,80,5,5
27165,0,57,1,41
27167,0,90,1,6
27169,0,87,3,5
27171,0,92,1,3
27173,0,82,1,8
28001,100,9,89,1
28003,0,79,16,3
28005,100,15,83,1
28007,60,45,52,2
28009,80,46,49,3
28011,97,17,80,2
28013,29,54,34,10
28015,100,34,65,1
28017,62,40,54,5
28019,43,64,34,1
28021,100,1,99,0
28023,93,55,44,1
28025,100,18,81,1
28027,100,3,95,1
28029,94,25,72,3
28031,80,45,52,1
28033,31,61,31,6
28035,83,44,51,3
28037,32,55,44,0
28039,0,88,9,2
28041,0,81,18,0
28043,0,51,47,0
28045,0,84,11,2
28047,48,58,34,4
28049,99,10,89,1
28051,100,0,99,0
28053,100,1,97,1
28057,0,90,8,1
28059,72,64,28,5
28061,94,24,76,0
28063,100,0,99,0
28065,100,11,88,1
28067,68,55,38,5
28069,100,2,97,0
28071,1,59,35,3
28073,4,70,24,3
28075,88,40,57,1
28077,21,58,40,1
28079,99,30,61,7
28081,88,57,38,2
28083,100,4,94,2
28085,81,62,37,0
28087,78,37,60,1
28089,77,43,52,2
28091,69,52,46,1
28093,91,27,66,5
28095,60,60,39,1
28097,100,35,64,1
28099,59,57,33,1
28101,59,57,40,1
28103,100,1,98,1
28105,100,27,69,1
28107,97,33,65,1
28109,6,78,18,2
28111,28,70,27,1
28113,85,31,68,1
28115,0,74,18,7
28117,0,83,14,1
28119,100,2,97,0
28121,0,71,24,3
28123,82,43,45,10
28125,100,2,97,1
28127,75,48,50,1
28129,0,69,29,1
28131,0,73,24,1
28133,100,2,96,1
28135,100,18,82,0
28137,52,56,40,3
28139,0,72,20,6
28141,0,92,3,4
28143,100,1,97,1
28145,0,75,18,5
28147,87,36,62,1
28149,96,34,63,1
28151,97,10,88,1
28153,90,44,55,1
28155,0,74,23,1
28157,100,1,99,0
28159,96,31,65,1
28161,48,42,55,1
28163,95,20,79,0
29001,0,93,2,2
29003,0,94,1,2
29005,0,97,0,2
29007,0,84,6,4
29009,0,81,1,14
29011,0,91,0,3
29013,0,96,1,2
29015,0,96,1,2
29017,0,99,0,0
29019,24,70,16,5
29021,0,82,9,6
29023,0,87,10,1
29025,0,95,2,1
29027,0,91,5,2
29029,0,93,1,4
29031,22,79,15,2
29033,0,95,3,1
29035,0,99,0,1
29037,0,86,7,5
29039,0,96,0,2
29041,0,94,3,1
29043,0,92,1,3
29045,0,98,0,1
29047,3,77,8,8
29049,0,92,2,2
29051,21,75,15,4
29053,0,88,5,2
29055,0,96,1,2
29057,0,95,1,2
29059,0,96,1,1
29061,0,97,1,1
29063,0,97,1,1
29065,0,94,0,2
29067,0,98,0,1
29069,0,72,17,10
29071,0,95,1,2
29073,0,96,0,2
29075,0,96,1,1
29077,0,87,6,4
29079,0,96,1,2
29081,0,97,0,1
29083,0,95,2,1
29085,0,95,1,2
29087,0,98,0,0
29089,0,88,6,2
29091,0,96,1,1
29093,0,96,2,1
29095,81,50,34,12
29097,2,82,3,11
29099,0,95,2,1
29101,0,86,5,4
29103,0,96,2,1
29105,0,94,1,3
29107,0,92,4,3
29109,0,85,1,11
29111,0,92,3,1
29113,0,91,3,3
29115,0,94,1,3
29117,0,94,3,2
29119,33,74,1,19
29121,0,91,5,1
29123,0,96,1,2
29125,0,98,0,1
29127,0,88,8,1
29129,.,99,0,0
29131,0,95,1,2
29133,96,67,31,2
29135,0,90,1,8
29137,0,92,4,1
29139,0,93,2,2
29141,0,95,1,2
29143,0,73,23,2
29145,0,80,2,7
29147,0,97,1,1
29149,0,95,1,2
29151,0,99,0,0
29153,0,99,0,1
29155,65,59,39,2
29157,0,95,0,3
29159,0,78,5,13
29161,0,91,4,2
29163,0,89,4,3
29165,0,75,9,8
29167,0,94,1,2
29169,0,72,14,7
29171,0,98,0,1
29173,0,95,3,1
29175,0,88,5,2
29177,0,95,2,2
29179,0,95,3,1
29181,0,97,1,1
29183,0,85,7,3
29185,0,95,1,3
29186,0,96,1,1
29187,0,95,2,1
29189,75,53,37,3
29195,0,76,7,15
29197,.,97,0,1
29199,0,99,1,0
29201,0,76,18,3
29203,0,97,0,2
29205,0,96,0,0
29207,0,97,1,1
29209,0,95,1,2
29211,0,74,1,23
29213,0,87,2,8
29215,0,97,1,1
29217,0,95,1,2
29219,0,90,4,4
29221,0,96,1,1
29223,0,97,2,1
29225,0,94,1,2
29227,0,100,0,0
29229,0,97,1,1
29510,99,14,80,4
30001,0,92,0,5
30003,.,12,0,6
30005,0,36,0,1
30007,0,92,1,4
30009,0,93,0,3
30011,.,99,0,1
30013,3,80,3,3
30015,0,92,0,1
30017,0,93,1,2
30019,0,91,1,2
30021,0,93,1,2
30023,0,93,1,2
30025,0,93,1,2
30027,0,94,1,2
30029,0,93,1,3
30031,0,90,1,4
30033,.,100,0,0
30035,50,17,0,1
30037,.,91,0,2
30039,0,94,1,1
30041,4,50,1,2
30043,0,90,1,2
30045,0,94,2,1
30047,47,48,1,2
30049,0,90,1,3
30051,0,97,0,0
30053,0,90,1,4
30055,0,94,2,1
30057,0,93,1,3
30059,.,95,0,2
30061,0,85,1,6
30063,0,88,1,2
30065,0,93,1,4
30067,0,93,0,4
30069,0,96,3,0
30071,0,74,0,3
30073,0,72,1,1
30075,0,87,0,5
30077,0,90,1,2
30079,.,88,0,4
30081,0,90,0,5
30083,0,89,1,5
30085,44,22,0,1
30087,0,45,0,4
30089,0,81,1,4
30091,0,87,1,3
30093,0,89,1,4
30095,0,94,0,3
30097,0,97,0,1
30099,0,92,0,3
30101,0,90,1,3
30103,.,80,0,8
30105,0,76,1,2
30107,0,92,2,2
30109,0,93,1,1
30111,5,81,1,7
31001,0,80,2,15
31003,0,91,0,7
31005,.,95,0,5
31007,0,80,3,16
31009,.,98,0,0
31011,0,95,0,3
31013,0,73,1,16
31015,0,93,1,3
31017,.,95,0,2
31019,36,82,2,14
31021,0,91,1,3
31023,0,91,1,7
31025,0,94,1,3
31027,0,96,1,2
31029,0,80,0,18
31031,0,84,0,2
31033,0,86,0,10
31035,0,83,2,14
31037,92,37,1,61
31039,0,75,1,20
31041,0,93,1,3
31043,98,33,3,56
31045,0,81,2,3
31047,93,47,3,47
31049,0,94,1,3
31051,0,91,2,6
31053,5,78,1,19
31055,80,56,17,18
31057,0,86,1,12
31059,41,91,2,6
31061,0,96,0,2
31063,0,92,1,4
31065,0,94,1,4
31067,0,93,1,3
31069,0,82,1,12
31071,.,99,0,1
31073,0,88,1,9
31075,.,99,0,1
31077,.,94,0,6
31079,67,54,2,40
31081,0,93,1,4
31083,.,95,0,4
31085,.,95,0,3
31087,0,94,0,3
31089,0,85,0,13
31091,.,97,0,1
31093,0,95,0,3
31095,0,92,1,5
31097,0,84,1,12
31099,0,92,1,6
31101,0,85,1,10
31103,.,98,0,0
31105,0,81,0,13
31107,0,80,1,2
31109,25,73,6,11
31111,0,84,1,12
31113,0,96,1,2
31115,.,94,0,6
31117,0,90,6,1
31119,10,68,2,25
31121,0,92,0,6
31123,0,75,0,22
31125,0,93,1,4
31127,0,93,1,3
31129,0,96,1,2
31131,0,87,1,10
31133,0,94,1,4
31135,0,88,1,7
31137,0,91,0,6
31139,0,96,0,2
31141,35,65,1,31
31143,0,95,0,4
31145,0,93,1,5
31147,0,89,0,1
31149,.,95,0,0
31151,44,62,1,34
31153,23,75,7,13
31155,0,94,1,3
31157,6,59,1,36
31159,0,93,1,3
31161,.,69,0,7
31163,0,93,0,5
31165,.,91,0,8
31167,0,87,1,7
31169,0,93,1,4
31171,0,98,1,0
31173,86,26,0,5
31175,0,95,0,4
31177,0,94,1,3
31179,0,77,2,19
31181,0,92,0,5
31183,.,100,0,0
31185,0,88,1,7
32001,0,66,2,18
32003,88,31,12,42
32005,0,69,0,19
32007,9,62,1,29
32009,.,50,0,38
32011,0,85,1,9
32013,22,57,1,34
32015,0,62,1,30
32017,0,88,2,5
32019,7,65,1,24
32021,0,55,5,15
32023,3,67,3,24
32027,0,53,1,30
32029,0,80,2,10
32031,52,49,3,37
32033,0,75,1,16
32510,22,54,0,38
33001,0,94,1,2
33003,0,96,1,1
33005,0,94,1,1
33007,0,95,0,1
33009,0,92,1,2
33011,15,82,3,8
33013,0,92,2,2
33015,0,92,1,2
33017,0,90,2,2
33019,0,94,1,1
34001,65,46,19,24
34003,80,58,6,20
34005,51,66,20,7
34007,72,48,25,19
34009,20,79,8,11
34011,77,35,24,38
34013,97,28,45,21
34015,26,76,14,6
34017,98,17,16,57
34019,0,87,2,5
34021,87,44,23,18
34023,82,37,11,26
34025,62,72,10,12
34027,24,73,4,12
34029,27,78,6,13
34031,95,34,12,49
34033,79,65,21,11
34035,78,56,10,16
34037,0,88,3,7
34039,93,37,24,34
34041,7,81,5,9
35001,93,23,2,66
35003,0,71,1,16
35005,99,28,2,69
35006,100,17,1,40
35007,67,40,0,58
35009,87,37,7,53
35011,100,49,1,49
35013,99,14,2,82
35015,82,42,1,55
35017,95,29,1,69
35019,100,6,0,91
35021,.,53,0,45
35023,100,29,0,70
35025,96,29,4,67
35027,69,39,1,44
35028,0,66,1,25
35029,100,17,1,82
35031,100,5,0,14
35033,100,5,1,94
35035,13,54,6,32
35037,86,42,2,54
35039,100,4,0,78
35041,95,43,2,53
35043,99,35,3,46
35045,77,32,1,22
35047,100,8,1,90
35049,81,25,1,69
35051,31,49,1,49
35053,91,23,2,64
35055,66,27,1,66
35057,69,47,2,48
35059,100,47,1,51
35061,99,24,1,69
36001,84,61,24,7
36003,0,96,1,1
36005,100,4,29,61
36007,16,81,9,5
36009,0,87,2,2
36011,0,89,5,2
36013,22,82,3,10
36015,0,83,10,3
36017,0,95,2,2
36019,0,94,3,1
36021,41,80,8,7
36023,0,93,3,2
36025,0,93,1,4
36027,59,70,13,13
36029,76,68,19,7
36031,0,96,1,1
36033,6,84,1,1
36035,0,93,3,2
36037,0,89,3,4
36039,0,86,5,6
36041,0,97,1,1
36043,0,95,2,1
36045,0,82,6,7
36047,99,15,42,28
36049,0,97,1,1
36051,0,93,2,3
36053,0,94,1,2
36055,78,59,24,11
36057,19,76,3,19
36059,89,57,13,19
36061,97,15,25,47
36063,41,80,12,3
36065,67,78,9,6
36067,83,69,18,5
36069,14,88,4,5
36071,63,59,13,24
36073,0,84,5,7
36075,0,95,1,2
36077,0,92,3,3
36079,0,80,2,14
36081,100,14,20,37
36083,33,79,11,6
36085,82,52,14,25
36087,82,51,16,23
36089,0,94,1,1
36091,0,92,2,2
36093,87,65,16,8
36095,0,96,1,2
36097,0,94,1,2
36099,0,91,3,3
36101,0,94,2,1
36103,52,65,9,21
36105,31,65,12,20
36107,0,95,2,1
36109,17,80,7,3
36111,16,75,9,12
36113,0,94,2,2
36115,0,96,1,2
36117,0,86,4,6
36119,90,50,15,28
36121,0,96,1,1
36123,0,94,1,2
37001,67,54,21,21
37003,0,84,4,7
37005,0,82,1,16
37007,87,34,58,3
37009,0,89,0,9
37011,21,89,1,8
37013,65,51,32,13
37015,100,15,81,2
37017,72,40,41,14
37019,10,69,16,10
37021,11,73,9,11
37023,13,74,6,10
37025,39,60,19,14
37027,8,81,6,8
37029,0,79,13,3
37031,0,79,7,6
37033,47,53,36,6
37035,46,64,9,15
37037,33,56,13,26
37039,0,91,2,4
37041,30,50,42,4
37043,0,93,1,4
37045,34,64,26,5
37047,69,52,33,8
37049,37,54,29,8
37051,89,34,45,11
37053,0,79,5,5
37055,0,82,3,11
37057,76,74,10,11
37059,0,79,6,11
37061,82,37,25,35
37063,97,22,51,21
37065,91,28,63,7
37067,79,42,30,21
37069,40,52,31,14
37071,52,66,20,9
37073,0,59,35,2
37075,0,83,0,2
37077,72,51,32,12
37079,100,31,41,26
37081,86,38,41,11
37083,86,29,63,3
37085,41,52,25,16
37087,0,90,1,6
37089,22,72,4,19
37091,100,16,80,2
37093,95,28,37,17
37095,99,52,30,15
37097,38,72,14,9
37099,15,79,1,9
37101,32,61,16,18
37103,95,42,47,7
37105,97,43,22,30
37107,85,38,48,11
37109,5,81,6,10
37111,0,80,3,11
37113,0,82,1,13
37115,0,95,0,3
37117,93,43,49,5
37119,88,33,42,17
37121,0,90,0,8
37123,52,45,20,31
37125,41,66,19,11
37127,87,37,46,10
37129,45,64,22,8
37131,100,16,79,3
37133,42,61,19,11
37135,34,56,13,14
37137,0,69,20,6
37139,63,47,43,5
37141,57,67,19,11
37143,0,63,31,2
37145,47,57,31,7
37147,89,38,48,9
37149,0,79,6,11
37151,43,70,6,19
37153,83,46,37,9
37155,99,16,25,11
37157,43,63,20,11
37159,69,64,19,13
37161,15,75,12,6
37163,93,39,26,29
37165,94,32,46,2
37167,58,74,13,7
37169,0,87,4,5
37171,1,75,3,19
37173,7,69,1,4
37175,0,83,5,5
37177,100,42,33,17
37179,45,69,13,14
37181,99,26,58,12
37183,63,50,24,15
37185,100,18,63,6
37187,100,21,70,7
37189,0,86,1,7
37191,83,41,35,17
37193,14,81,4,12
37195,91,34,47,16
37197,0,75,3,20
37199,0,87,1,10
38001,0,91,3,2
38003,0,95,2,1
38005,.,31,0,1
38007,.,96,0,0
38009,29,64,1,2
38011,0,91,1,6
38013,0,94,1,2
38015,7,87,1,2
38017,0,85,6,3
38019,0,95,0,3
38021,0,91,2,5
38023,0,97,0,1
38025,50,76,0,3
38027,0,88,0,4
38029,0,98,0,0
38031,0,97,1,1
38033,0,92,1,2
38035,0,83,4,4
38037,0,88,1,1
38039,0,95,1,1
38041,0,93,1,1
38043,0,92,1,5
38045,0,94,1,1
38047,0,97,1,0
38049,0,96,1,2
38051,0,95,1,3
38053,20,78,0,1
38055,0,85,1,1
38057,0,94,1,1
38059,2,88,1,1
38061,27,39,1,3
38063,0,94,1,2
38065,0,89,0,5
38067,0,86,1,7
38069,0,95,0,0
38071,0,73,1,1
38073,0,96,2,1
38075,0,93,1,2
38077,0,89,1,4
38079,100,14,0,0
38081,0,95,1,2
38083,.,94,0,0
38085,.,2,0,0
38087,.,100,0,0
38089,0,92,1,3
38091,.,98,0,2
38093,0,92,1,2
38095,0,88,1,4
38097,0,92,1,5
38099,0,77,1,21
38101,0,87,4,3
38103,0,95,1,1
38105,7,86,1,2
39001,0,98,0,1
39003,65,73,16,3
39005,0,96,1,1
39007,0,86,3,5
39009,0,92,2,1
39011,0,96,0,1
39013,0,93,2,1
39015,0,97,1,1
39017,14,77,10,5
39019,0,97,1,0
39021,0,92,2,1
39023,38,79,10,4
39025,0,93,1,2
39027,0,91,2,3
39029,0,94,2,1
39031,0,95,1,1
39033,0,95,1,1
39035,92,47,41,6
39037,0,96,0,1
39039,0,82,3,11
39041,2,82,6,3
39043,86,78,11,3
39045,14,84,8,2
39047,0,92,2,2
39049,72,54,30,6
39051,0,85,1,10
39053,0,93,4,1
39055,0,94,2,1
39057,0,81,7,3
39059,0,93,2,1
39061,85,52,38,3
39063,0,88,2,4
39065,0,95,1,1
39067,0,95,2,0
39069,0,90,1,7
39071,0,94,1,1
39073,0,97,1,0
39075,0,98,0,1
39077,0,88,1,8
39079,0,97,1,1
39081,20,86,8,1
39083,0,93,1,2
39085,34,85,5,6
39087,0,94,2,1
39089,0,87,6,1
39091,0,89,2,1
39093,67,70,11,11
39095,69,63,24,6
39097,0,93,2,2
39099,84,69,21,5
39101,0,87,4,4
39103,0,94,1,1
39105,0,97,1,1
39107,0,96,0,1
39109,0,90,2,2
39111,0,98,0,0
39113,74,62,28,3
39115,0,88,3,0
39117,0,96,1,2
39119,0,89,4,1
39121,0,99,0,0
39123,0,89,1,6
39125,0,92,1,4
39127,0,98,1,0
39129,51,95,2,1
39131,0,96,1,1
39133,0,89,5,1
39135,0,97,0,1
39137,5,89,0,8
39139,13,82,9,2
39141,0,90,3,1
39143,0,78,3,12
39145,0,95,1,1
39147,0,89,1,5
39149,0,92,2,1
39151,46,81,11,2
39153,68,70,21,2
39155,58,82,12,1
39157,0,94,1,2
39159,0,91,1,1
39161,0,93,1,2
39163,0,98,0,0
39165,0,86,2,3
39167,0,96,1,1
39169,0,93,2,2
39171,0,93,0,4
39173,0,84,2,7
39175,0,93,0,4
40001,100,24,0,9
40003,0,87,2,3
40005,98,46,4,3
40007,30,64,1,33
40009,0,74,3,14
40011,14,59,3,15
40013,22,56,2,6
40015,80,46,2,11
40017,4,71,3,9
40019,81,58,9,7
40021,100,27,2,10
40023,97,47,16,2
40025,0,67,0,31
40027,3,64,6,10
40029,100,46,1,4
40031,86,49,23,13
40033,0,65,4,9
40035,30,53,4,3
40037,2,64,3,4
40039,69,58,3,25
40041,46,41,1,5
40043,0,78,1,8
40045,0,84,1,12
40047,26,68,5,14
40049,0,65,4,9
40051,0,77,4,6
40053,0,82,1,6
40055,0,74,2,20
40057,72,48,11,35
40059,0,67,0,29
40061,0,58,1,2
40063,16,54,3,4
40065,60,53,7,29
40067,10,72,1,11
40069,2,56,2,5
40071,8,64,3,10
40073,22,67,1,19
40075,0,63,6,17
40077,25,58,1,4
40079,6,53,2,9
40081,0,73,3,3
40083,22,69,9,8
40085,19,59,1,23
40087,68,62,3,17
40089,74,50,10,6
40091,39,52,6,2
40093,0,80,1,14
40095,100,41,2,23
40097,44,46,1,2
40099,0,63,2,6
40101,93,39,12,7
40103,4,67,2,3
40105,84,53,4,1
40107,73,46,5,2
40109,79,43,21,24
40111,83,47,9,3
40113,96,46,15,3
40115,42,52,1,7
40117,2,68,2,3
40119,0,69,4,5
40121,42,51,3,4
40123,72,52,2,5
40125,22,61,4,5
40127,11,58,1,2
40129,0,81,1,6
40131,15,57,2,5
40133,64,50,4,4
40135,74,44,4,5
40137,11,74,3,10
40139,76,37,1,59
40141,100,45,11,35
40143,79,50,15,17
40145,63,56,5,5
40147,1,63,5,7
40149,0,75,4,12
40151,0,83,3,7
40153,0,78,1,15
41001,0,86,0,8
41003,6,77,1,12
41005,3,75,1,14
41007,31,80,1,14
41009,0,84,1,7
41011,0,73,1,9
41013,0,75,0,16
41015,0,69,1,11
41017,0,84,1,11
41019,0,79,1,9
41021,.,85,0,10
41023,0,92,0,5
41025,0,85,0,5
41027,20,50,1,45
41029,6,74,1,18
41031,89,37,1,33
41033,0,82,1,10
41035,15,69,1,17
41037,0,78,1,15
41039,1,72,2,14
41041,3,68,1,16
41043,2,80,1,12
41045,71,44,0,51
41047,53,51,1,41
41049,38,48,0,49
41051,74,54,9,21
41053,1,69,1,22
41055,0,87,0,10
41057,0,70,1,22
41059,32,55,1,37
41061,0,87,0,6
41063,0,91,0,4
41065,0,65,1,27
41067,33,56,2,26
41069,0,87,0,8
41071,8,70,1,23
42001,0,85,3,11
42003,71,71,22,1
42005,0,97,1,0
42007,25,85,10,1
42009,0,97,1,1
42011,47,64,6,27
42013,0,94,4,1
42015,0,96,1,1
42017,16,83,5,5
42019,0,96,1,1
42021,0,91,6,1
42023,0,97,1,1
42025,0,91,3,5
42027,0,90,2,2
42029,19,75,10,9
42031,0,97,1,1
42033,0,97,1,1
42035,0,96,1,1
42037,0,94,2,2
42039,0,92,3,2
42041,0,83,4,5
42043,82,57,24,11
42045,83,59,31,3
42047,0,96,0,2
42049,70,78,12,5
42051,8,90,7,1
42053,.,97,0,2
42055,13,84,5,7
42057,0,97,1,1
42059,0,98,1,0
42061,0,96,2,1
42063,0,95,2,1
42065,0,98,0,1
42067,0,93,1,5
42069,14,81,6,9
42071,51,72,6,16
42073,0,88,9,1
42075,53,76,3,18
42077,68,56,9,30
42079,34,78,6,14
42081,23,86,7,2
42083,0,96,1,1
42085,61,85,11,1
42087,0,94,3,2
42089,39,59,20,18
42091,43,71,13,5
42093,0,91,2,3
42095,36,69,9,17
42097,0,92,2,4
42099,0,96,1,1
42101,98,14,59,17
42103,63,77,9,12
42105,0,97,1,1
42107,0,92,2,4
42109,0,94,2,3
42111,0,98,1,1
42113,0,97,2,1
42115,0,96,1,2
42117,0,97,1,1
42119,0,91,3,3
42121,0,95,3,1
42123,0,97,1,1
42125,0,91,4,1
42127,0,94,2,3
42129,11,92,4,1
42131,0,96,1,1
42133,52,78,9,8
44001,0,91,2,2
44003,0,88,2,6
44005,37,80,7,8
44007,77,50,11,32
44009,0,89,2,3
45001,67,60,36,1
45003,30,56,33,7
45005,100,2,95,2
45007,25,72,20,4
45009,100,27,69,1
45011,88,40,54,2
45013,68,44,31,20
45015,47,53,32,8
45017,81,31,64,4
45019,79,46,44,6
45021,38,67,26,5
45023,72,49,47,1
45025,72,54,38,4
45027,89,33,61,4
45029,95,44,49,3
45031,83,42,55,2
45033,83,36,55,3
45035,53,54,33,6
45037,69,51,43,3
45039,100,11,86,2
45041,72,42,52,3
45043,71,50,45,4
45045,44,59,23,12
45047,63,53,36,9
45049,97,32,64,2
45051,23,65,21,8
45053,100,14,62,23
45055,22,65,28,4
45057,72,63,29,6
45059,32,59,31,7
45061,100,6,93,1
45063,43,68,20,6
45065,100,19,80,0
45067,100,23,73,2
45069,94,31,59,1
45071,68,48,37,12
45073,0,78,10,8
45075,91,20,77,2
45077,0,83,7,5
45079,87,34,56,5
45081,95,43,32,23
45083,56,62,24,9
45085,92,33,61,3
45087,14,59,37,1
45089,100,6,92,1
45091,30,67,22,6
46003,0,89,1,8
46005,7,70,2,11
46007,100,25,0,3
46009,0,96,1,1
46011,0,89,1,3
46013,0,89,1,1
46015,0,66,0,3
46017,.,0,.,.
46019,0,88,0,6
46021,.,98,0,1
46023,80,48,0,3
46025,0,94,1,4
46027,0,82,3,3
46029,0,92,1,2
46031,.,20,0,1
46033,0,80,1,5
46035,0,90,1,3
46037,0,85,0,2
46039,0,96,1,2
46041,.,32,0,1
46043,0,95,0,1
46045,0,93,0,5
46047,0,73,1,3
46049,0,97,1,0
46051,0,95,0,3
46053,0,82,0,1
46055,0,91,0,1
46057,0,95,0,4
46059,.,98,0,1
46061,0,97,0,1
46063,.,98,0,1
46065,0,77,1,3
46067,0,96,1,2
46069,.,82,0,1
46071,.,45,0,0
46073,0,97,0,2
46075,0,79,3,2
46077,0,94,1,3
46079,0,94,1,2
46081,0,88,1,5
46083,0,94,1,2
46085,.,64,0,0
46087,0,96,0,1
46089,0,98,1,0
46091,0,92,1,3
46093,0,89,1,3
46095,100,16,0,0
46097,0,96,1,2
46099,26,77,8,6
46101,0,66,2,2
46103,15,72,2,5
46105,.,96,0,0
46107,0,93,1,1
46109,30,56,1,2
46111,.,94,0,2
46113,.,0,0,3
46115,0,97,1,1
46117,0,78,0,1
46119,0,93,1,1
46121,100,2,0,0
46123,0,73,1,1
46125,0,95,1,2
46127,0,92,1,3
46129,0,72,0,2
46135,0,89,2,4
46137,.,15,0,0
47001,0,87,7,3
47003,29,70,9,19
47005,0,93,3,2
47007,0,93,1,5
47009,0,91,4,3
47011,0,85,7,6
47013,0,98,0,1
47015,0,95,1,2
47017,0,84,12,2
47019,0,95,2,2
47021,0,94,2,3
47023,0,82,13,3
47025,0,97,1,1
47027,0,96,1,2
47029,0,92,3,3
47031,0,87,4,5
47033,0,70,14,15
47035,0,94,1,4
47037,92,32,46,17
47039,0,91,4,4
47041,0,88,2,9
47043,0,88,6,4
47045,21,74,21,4
47047,82,37,58,4
47049,0,98,0,1
47051,0,89,6,4
47053,45,73,23,3
47055,0,81,14,1
47057,0,95,0,4
47059,0,93,2,3
47061,0,99,0,1
47063,27,75,4,17
47065,66,59,31,7
47067,0,99,0,0
47069,85,44,52,2
47071,0,92,5,2
47073,0,95,2,2
47075,100,31,62,6
47077,0,86,10,3
47079,0,85,12,2
47081,0,94,2,2
47083,0,92,4,2
47085,0,94,4,1
47087,0,98,0,1
47089,0,91,2,5
47091,0,97,1,2
47093,27,77,14,5
47095,0,68,27,2
47097,84,54,41,3
47099,0,95,2,2
47101,0,93,2,2
47103,0,85,9,4
47105,0,84,2,13
47107,0,87,6,4
47109,0,90,7,1
47111,0,93,0,6
47113,86,34,59,5
47115,0,93,4,2
47117,0,84,8,6
47119,13,72,18,7
47121,0,97,1,1
47123,0,91,3,5
47125,62,58,24,10
47127,0,96,3,1
47129,0,99,0,1
47131,39,79,14,5
47133,0,98,1,1
47135,0,93,3,2
47137,.,98,0,2
47139,0,97,1,2
47141,5,85,3,10
47143,0,90,2,7
47145,0,92,4,2
47147,48,80,10,9
47149,32,67,17,10
47151,0,99,0,0
47153,0,93,0,5
47155,0,90,1,6
47157,95,20,69,7
47159,0,92,3,4
47161,0,95,2,2
47163,0,92,4,2
47165,7,83,10,5
47167,41,73,24,2
47169,0,84,13,3
47171,0,91,0,9
47173,0,94,3,1
47175,0,98,0,1
47177,0,81,4,13
47179,11,87,6,5
47181,0,97,1,1
47183,0,89,8,2
47185,0,94,3,2
47187,8,85,5,5
47189,0,83,9,5
48001,63,57,17,22
48003,100,31,2,65
48005,88,49,17,31
48007,14,53,1,40
48009,0,85,0,11
48011,0,86,2,10
48013,100,25,0,74
48015,60,49,10,38
48017,100,19,0,80
48019,0,68,1,29
48021,71,39,7,50
48023,0,73,3,21
48025,100,20,2,77
48027,96,36,26,29
48029,99,17,7,72
48031,0,64,1,32
48033,.,74,0,17
48035,0,65,2,30
48037,82,56,31,8
48039,82,41,13,38
48041,77,38,18,39
48043,100,31,1,66
48045,0,57,2,39
48047,100,1,0,98
48049,29,62,5,30
48051,60,51,16,31
48053,6,62,2,34
48055,95,30,5,63
48057,100,31,2,62
48059,0,84,1,12
48061,100,3,0,97
48063,100,41,18,38
48065,0,86,1,11
48067,17,70,20,6
48069,97,22,2,75
48071,40,66,6,24
48073,71,51,15,32
48075,0,53,6,37
48077,0,87,1,8
48079,87,30,2,66
48081,.,65,0,34
48083,0,67,3,27
48085,43,53,10,20
48087,44,48,3,46
48089,88,38,16,43
48091,18,56,2,38
48093,40,53,0,45
48095,100,45,1,52
48097,94,61,5,29
48099,77,53,16,22
48101,100,42,16,38
48103,100,27,3,69
48105,100,22,1,76
48107,100,23,3,74
48109,.,9,0,89
48111,67,49,2,47
48113,99,15,24,55
48115,97,26,3,70
48117,100,12,1,86
48119,0,72,16,7
48121,63,54,9,26
48123,96,40,9,49
48125,100,54,1,44
48127,100,7,0,92
48129,0,71,9,16
48131,100,6,0,93
48133,3,73,1,24
48135,99,24,4,69
48137,.,30,0,70
48139,68,51,11,35
48141,100,6,2,90
48143,29,61,1,35
48145,94,27,32,39
48147,0,76,6,14
48149,56,53,9,36
48151,33,58,3,37
48153,100,21,3,76
48155,0,69,4,24
48157,93,29,22,30
48159,0,68,5,23
48161,0,61,15,21
48163,100,7,0,91
48165,65,46,2,50
48167,83,47,16,31
48169,100,37,4,56
48171,0,57,0,41
48173,.,51,0,49
48175,100,43,5,50
48177,100,25,7,67
48179,35,56,3,38
48181,28,68,8,17
48183,76,45,25,26
48185,88,43,20,36
48187,88,41,8,47
48189,100,21,4,74
48191,100,33,8,57
48193,0,78,0,19
48195,100,41,0,58
48197,0,62,5,28
48199,0,84,8,6
48201,96,19,20,54
48203,79,56,23,19
48205,70,50,1,46
48207,74,54,4,37
48209,91,40,3,54
48211,0,55,0,44
48213,47,67,9,21
48215,100,2,0,97
48217,57,58,9,30
48219,99,34,3,61
48221,0,77,1,19
48223,0,64,8,24
48225,73,54,28,15
48227,94,40,5,52
48229,100,12,0,86
48231,58,63,10,23
48233,17,61,3,31
48235,0,64,3,33
48237,0,75,1,22
48239,94,51,9,39
48241,81,66,22,9
48243,100,43,0,55
48245,96,28,41,24
48247,100,3,0,96
48249,100,14,0,85
48251,21,65,3,27
48253,69,57,4,36
48255,100,30,2,67
48257,50,60,10,26
48259,5,65,0,32
48261,.,27,0,71
48263,0,72,1,25
48265,40,51,2,44
48267,0,60,0,39
48269,.,79,0,21
48271,100,27,1,71
48273,100,14,3,82
48275,87,43,7,48
48277,85,67,17,11
48279,95,28,4,67
48281,0,66,3,25
48283,100,6,0,94
48285,0,69,8,20
48287,82,45,14,39
48289,8,66,8,23
48291,37,61,9,27
48293,76,41,22,32
48295,0,53,0,44
48297,100,42,1,56
48299,0,77,1,19
48303,92,38,10,49
48305,94,37,3,58
48307,64,52,2,44
48309,85,43,18,36
48311,.,59,0,37
48313,100,51,19,28
48315,0,53,40,5
48317,100,40,0,59
48319,.,61,0,39
48321,85,31,11,54
48323,100,1,0,97
48325,100,34,1,63
48327,100,47,1,52
48329,95,33,8,56
48331,89,49,12,37
48333,0,71,0,27
48335,99,42,5,50
48337,0,79,0,17
48339,39,58,5,32
48341,95,22,1,67
48343,75,54,30,11
48345,.,68,0,31
48347,86,46,20,31
48349,89,43,15,38
48351,0,69,25,3
48353,76,46,5,46
48355,94,20,4,73
48357,100,32,0,66
48359,0,74,5,19
48361,86,75,12,9
48363,0,64,3,31
48365,0,65,18,15
48367,0,79,1,16
48369,100,24,0,75
48371,100,16,1,82
48373,38,64,12,19
48375,79,35,10,46
48377,100,4,0,94
48379,0,79,3,14
48381,31,64,4,27
48383,100,20,0,79
48385,0,56,1,42
48387,82,62,21,12
48389,100,7,1,91
48391,100,31,7,60
48393,0,87,1,10
48395,82,44,25,28
48397,19,66,6,22
48399,71,48,1,49
48401,32,53,18,25
48403,0,82,8,5
48405,98,46,36,13
48407,0,68,14,16
48409,100,28,2,67
48411,0,55,1,43
48413,100,31,0,67
48415,97,43,2,53
48417,0,81,2,15
48419,67,51,20,27
48421,75,42,0,56
48423,73,43,22,31
48425,0,68,1,27
48427,100,0,0,99
48429,0,61,1,34
48431,100,48,1,47
48433,0,70,4,25
48435,100,28,0,70
48437,99,40,7,51
48439,86,36,18,38
48441,79,52,9,33
48443,.,37,0,59
48445,100,26,3,70
48447,.,79,0,20
48449,97,29,10,59
48451,88,41,4,52
48453,91,31,10,51
48455,0,68,13,15
48457,0,81,10,5
48459,0,74,11,11
48461,77,37,2,59
48463,89,16,0,82
48465,100,7,1,91
48467,0,78,3,15
48469,99,28,8,62
48471,85,46,24,27
48473,99,23,19,56
48475,100,36,5,58
48477,59,47,23,27
48479,100,1,0,99
48481,95,31,15,52
48483,0,53,4,38
48485,62,54,12,27
48487,71,48,9,38
48489,100,2,0,97
48491,64,52,7,32
48493,52,50,1,47
48495,91,32,2,64
48497,4,68,2,27
48499,0,75,4,17
48501,100,26,0,72
48503,0,69,1,27
48505,100,1,0,99
48507,100,2,0,97
49001,0,86,0,12
49003,0,88,1,9
49005,0,82,1,13
49007,0,86,0,12
49009,0,94,1,4
49011,0,85,1,9
49013,0,80,0,6
49015,0,89,1,8
49017,0,91,0,7
49019,0,78,1,14
49021,0,85,0,9
49023,0,94,1,3
49025,0,93,0,4
49027,0,81,0,16
49029,0,95,0,2
49031,0,88,2,10
49033,.,96,0,3
49035,46,67,2,22
49037,0,44,0,3
49039,0,85,1,12
49041,0,90,1,5
49043,4,80,0,16
49045,1,84,1,11
49047,0,86,0,6
49049,3,84,1,11
49051,0,84,0,14
49053,1,83,1,12
49055,0,95,0,3
49057,24,73,1,22
50001,0,96,1,1
50003,0,96,1,1
50005,0,97,1,1
50007,5,87,5,2
50009,0,97,0,1
50011,0,90,1,1
50013,0,95,1,1
50015,0,94,1,2
50017,0,97,1,1
50019,0,95,1,1
50021,0,96,1,1
50023,0,94,2,1
50025,0,92,2,2
50027,0,95,1,1
51001,96,42,38,19
51003,24,70,11,9
51005,0,89,7,1
51007,0,66,29,3
51009,0,68,24,3
51011,0,66,24,1
51013,81,45,11,29
51015,0,92,2,3
51017,0,93,2,2
51019,0,87,6,2
51021,0,97,0,0
51023,0,92,3,2
51025,100,19,78,2
51027,0,99,0,0
51029,0,55,36,3
51031,0,76,17,2
51033,0,56,32,5
51035,0,89,2,5
51036,100,30,58,0
51037,13,61,32,2
51041,53,56,27,10
51043,0,83,3,6
51045,0,98,0,1
51047,22,63,17,13
51049,50,51,42,4
51051,0,99,1,0
51053,28,55,35,5
51057,100,39,49,3
51059,80,44,10,22
51061,0,74,10,11
51063,0,92,2,3
51065,0,74,16,4
51067,0,82,9,4
51069,0,79,5,11
51071,0,95,1,1
51073,0,83,8,4
51075,0,71,20,4
51077,0,92,2,5
51079,0,78,9,6
51081,100,25,70,3
51083,56,51,45,3
51085,0,83,10,3
51087,87,44,38,7
51089,15,62,21,11
51091,.,95,0,3
51093,0,63,28,3
51095,9,66,18,8
51097,36,52,39,4
51099,0,68,21,4
51101,0,75,17,2
51103,100,44,50,1
51105,0,98,0,1
51107,26,57,7,15
51109,0,72,20,3
51111,22,51,38,6
51113,0,83,9,3
51115,0,83,9,3
51117,70,49,44,3
51119,0,72,19,2
51121,0,85,5,3
51125,0,74,14,7
51127,0,78,12,3
51131,100,33,48,16
51133,0,55,37,6
51135,44,49,42,6
51137,0,71,16,5
51139,0,93,2,3
51141,0,87,7,5
51143,4,70,24,3
51145,0,87,8,3
51147,100,37,57,4
51149,30,51,33,8
51153,84,36,20,29
51155,0,88,6,2
51157,0,88,3,4
51159,0,59,27,9
51161,0,82,6,4
51163,0,89,4,3
51165,0,84,2,11
51167,0,97,1,1
51169,0,96,1,2
51171,0,83,2,11
51173,0,95,2,2
51175,21,56,41,1
51177,7,64,19,11
51179,25,58,18,14
51181,100,35,61,2
51183,100,23,74,2
51185,0,95,3,0
51187,0,84,5,5
51191,0,93,1,3
51193,74,46,38,10
51195,0,96,2,1
51197,0,92,5,2
51199,0,66,12,7
51510,89,28,34,30
51515,0,75,17,2
51520,0,84,10,2
51530,0,87,7,2
51540,84,45,36,8
51550,73,51,33,6
51570,25,71,15,6
51580,0,77,18,2
51590,96,24,67,5
51595,100,28,70,1
51600,100,41,9,23
51610,0,69,4,11
51620,100,16,77,2
51630,100,35,41,17
51640,0,63,9,24
51650,98,28,60,5
51660,73,46,10,37
51670,100,33,53,8
51678,0,86,6,4
51680,91,38,51,3
51683,100,28,14,48
51685,100,30,11,46
51690,100,32,57,7
51700,96,29,55,10
51710,98,22,62,6
51720,0,83,9,2
51730,100,2,93,4
51735,0,93,1,2
51740,98,22,69,3
51750,0,81,10,2
51760,99,10,81,8
51770,68,44,42,7
51775,0,81,11,3
51790,3,69,17,5
51800,96,35,55,4
51810,67,52,24,9
51820,17,68,16,11
51830,0,56,25,11
51840,32,59,11,22
53001,50,23,0,76
53003,0,87,1,6
53005,13,66,2,26
53007,19,51,0,45
53009,0,71,1,11
53011,9,72,2,13
53013,0,81,2,12
53015,4,75,1,15
53017,50,50,0,46
53019,0,64,0,3
53021,86,27,2,68
53023,.,90,0,5
53025,28,40,1,55
53027,7,69,1,17
53029,0,72,5,9
53031,0,83,1,7
53033,79,50,9,15
53035,6,67,2,11
53037,0,81,1,14
53039,0,71,1,19
53041,0,77,1,16
53043,0,89,0,4
53045,5,70,1,17
53047,21,53,1,32
53049,0,72,0,17
53051,0,81,1,5
53053,58,59,9,14
53055,0,80,1,12
53057,40,62,1,31
53059,0,84,1,9
53061,38,64,3,15
53063,0,79,2,7
53065,4,82,0,4
53067,15,69,3,12
53069,0,87,2,6
53071,25,58,1,37
53073,4,72,2,16
53075,0,79,2,7
53077,63,28,1,65
54001,0,93,1,1
54003,1,80,10,6
54005,0,99,1,0
54007,0,98,1,0
54009,0,96,1,0
54011,20,88,8,1
54013,0,98,0,1
54015,0,99,1,0
54017,0,98,0,0
54019,0,92,6,1
54021,0,97,1,1
54023,0,98,1,1
54025,0,94,4,1
54027,0,96,1,1
54029,0,94,3,1
54031,0,92,3,4
54033,0,95,3,1
54035,0,98,1,0
54037,0,82,9,6
54039,19,84,13,1
54041,0,98,0,1
54043,0,99,1,0
54045,0,96,3,0
54047,0,88,11,0
54049,0,91,6,1
54051,0,97,1,1
54053,0,97,1,1
54055,0,87,9,1
54057,0,94,4,1
54059,0,97,2,0
54061,0,88,5,2
54063,0,97,2,1
54065,0,97,1,1
54067,0,98,1,0
54069,0,88,8,1
54071,0,94,4,1
54073,0,97,0,1
54075,0,99,0,0
54077,0,99,1,0
54079,0,96,2,1
54081,12,87,9,1
54083,0,97,1,1
54085,0,98,1,1
54087,0,97,1,1
54089,0,95,2,1
54091,0,98,1,0
54093,0,98,1,0
54095,0,98,1,0
54097,0,98,1,1
54099,0,98,1,0
54101,0,98,1,0
54103,0,98,0,1
54105,0,98,1,1
54107,0,95,2,1
54109,0,98,1,0
55001,0,92,1,5
55003,0,79,1,1
55005,0,91,1,4
55007,19,70,1,2
55009,30,72,5,13
55011,0,96,1,2
55013,0,83,3,3
55015,0,87,2,7
55017,0,95,1,2
55019,0,88,1,10
55021,0,90,1,5
55023,0,96,1,2
55025,52,69,10,10
55027,0,88,1,8
55029,0,90,2,5
55031,0,90,3,1
55033,0,89,1,2
55035,0,84,2,3
55037,0,94,1,3
55039,10,86,3,8
55041,0,72,1,2
55043,0,95,1,2
55045,0,92,1,4
55047,0,88,0,9
55049,0,96,1,2
55051,0,96,1,0
55053,0,80,1,4
55055,0,84,1,12
55057,0,92,1,3
55059,41,65,12,19
55061,0,93,1,5
55063,0,83,3,2
55065,0,93,1,5
55067,0,92,1,3
55069,0,95,1,1
55071,0,84,2,6
55073,11,80,1,3
55075,0,95,1,2
55077,0,92,1,5
55078,100,0,0,5
55079,90,35,38,19
55081,0,88,2,7
55083,0,92,1,3
55085,0,90,1,2
55087,0,84,2,5
55089,0,88,3,4
55091,0,96,0,2
55093,0,94,1,2
55095,0,94,1,2
55097,0,86,1,5
55099,0,95,1,1
55101,76,58,19,19
55103,0,93,1,4
55105,67,73,8,14
55107,0,94,1,2
55109,0,91,1,3
55111,0,88,1,7
55113,0,71,1,2
55115,0,80,0,3
55117,19,76,2,10
55119,0,95,1,3
55121,0,88,1,9
55123,0,95,1,2
55125,5,76,1,2
55127,11,75,1,20
55129,0,91,1,3
55131,0,90,2,5
55133,4,84,3,7
55135,0,92,1,5
55137,0,78,1,19
55139,0,83,2,7
55141,0,89,1,4
56001,0,76,1,16
56003,0,83,0,13
56005,0,88,1,8
56007,0,72,1,24
56009,0,90,1,8
56011,0,94,0,3
56013,0,58,0,6
56015,0,79,1,17
56017,0,93,1,3
56019,0,91,0,6
56021,6,73,2,20
56023,0,92,1,5
56025,7,86,2,9
56027,0,92,0,5
56029,0,90,0,7
56031,0,87,0,11
56033,0,90,0,5
56035,0,85,0,11
56037,0,76,1,20
56039,0,69,0,28
56041,0,88,1,10
56043,.,73,0,25
56045,0,92,0,4
60010,.,0,.,.
66010,100,1,0,0
69100,.,0,0,0
69110,.,1,0,0
69120,.,0,0,0
72001,.,0,0,100
72003,.,0,0,100
72005,.,0,0,100
72007,.,0,0,100
72009,.,0,0,100
72011,100,0,0,100
72013,100,0,0,100
72015,.,0,0,100
72017,.,0,0,100
72019,100,0,0,100
72021,100,0,0,100
72023,.,0,0,100
72025,100,0,0,100
72027,.,0,0,100
72029,.,0,0,100
72031,100,0,0,100
72033,.,0,0,100
72035,100,0,0,100
72037,.,0,0,100
72039,.,0,0,100
72041,.,0,0,100
72043,100,0,0,99
72045,.,0,0,100
72047,.,0,0,100
72049,.,1,0,99
72051,.,0,0,100
72053,100,0,0,100
72054,.,0,0,100
72055,.,0,0,100
72057,100,0,0,99
72059,.,0,0,100
72061,100,0,0,100
72063,.,0,0,100
72065,100,0,0,100
72067,.,0,0,100
72069,.,0,0,100
72071,100,0,0,100
72073,.,0,0,100
72075,100,0,0,100
72077,.,0,0,100
72079,.,0,0,100
72081,.,0,0,100
72083,.,0,0,100
72085,100,0,0,100
72087,.,0,0,100
72089,.,1,0,99
72091,.,0,0,100
72093,.,1,0,99
72095,.,0,0,100
72097,100,0,0,100
72099,.,0,0,100
72101,.,0,0,100
72103,.,0,0,100
72105,.,0,0,100
72107,100,0,0,100
72109,.,0,0,100
72111,.,0,0,100
72113,100,0,0,100
72115,.,0,0,100
72117,.,1,0,99
72119,.,0,0,100
72121,.,0,0,100
72123,100,0,0,100
72125,.,0,0,100
72127,100,0,0,100
72129,.,0,0,100
72131,.,0,0,100
72133,100,0,0,100
72135,100,0,0,100
72137,.,0,0,100
72139,.,0,0,100
72141,100,0,0,99
72143,.,0,0,100
72145,100,0,0,100
72147,.,0,0,100
72149,100,0,0,100
72151,100,0,0,99
72153,.,0,0,100
78010,100,1,71,27
78020,100,4,85,8
78030,100,2,86,11
